Workbook

Sheet 사용법
A1: 크립토 차익거래 매매일지 — 사용법
A2: 업비트↔빗썸 현물 차익 / 데스크 운영 방식 실습용
A4: 목적 | B4: 수익률보다 '손익이 어디서 왔는지 설명할 수 있는 기록'을 남기는 것. 면접·포트폴리오용 근거 자료.
A5: 색 규칙 | B5: 연노랑 헤더 = 직접 입력하는 열 / 회색 헤더 = 자동 계산 열(수정 금지). 파란 글씨 = 입력값, 검은 글씨 = 수식.
A6: 예시 행 | B6: 각 시트 첫 데이터 행(기울임체)은 작성 예시입니다. 실제 기록 시작 전에 덮어쓰거나 지우세요.
A7: ① 운용규칙 | B7: 거래 시작 전에 먼저 채우기. 수수료는 본인 계정 실제 등급으로 확인 후 입력.
A8: ② 매매일지 | B8: 거래 1건 = 1행. 날짜·시각·코인·매수/매도 거래소·모니터 순괴리·수량·체결가만 입력하면 나머지 자동 계산.
B9: '모니터 순괴리'는 arb_monitor.py 화면에 표시된 값(기대 엣지). 실제 순괴리와의 차이 = 실행 슬리피지.
B10: '규칙체크'는 운용규칙의 최소 순괴리·1회 최대 금액 기준으로 자동 판정.
A11: ③ 재고 | B11: 매일 장 마감 기준(본인이 정한 시각)으로 코인별 양 거래소 보유수량과 종가 입력.
B12: 순수 차익거래는 한쪽 매수 = 다른 쪽 매도라 총수량이 변하지 않음 → 재고평가손익 = 총수량 × 가격변동.
B13: 업비트 비중이 운용규칙 밴드를 벗어나면 '리밸런싱 필요' 표시 → 코인 이동(출금수수료 발생).
A14: ④ 일일PnL | B14: 날짜만 입력 + 리밸런싱(출금)비용 입력. 손익을 스프레드수익 / 수수료 / 리밸런싱비용 / 재고평가로 분해.
A15: ⑤ 주간회고 | B15: 주차·기간 입력 시 지표 자동 집계. 잘된 점·문제점·다음 주 규칙 수정을 서술.
A16: 면접 포인트 | B16: '차익손익'과 '재고평가손익'을 분리해 보여줄 수 있으면, 왜 데스크가 재고를 헤지하는지 설명할 근거가 생김.

Sheet 운용규칙
A1: 운용규칙 (거래 시작 전 확정)
A2: 노란 셀만 수정. 규칙을 바꾸면 '주간회고'에 변경 사유를 남길 것.
A3: 항목 | B3: 값 | C3: 설명
A4: 총 운용자본(원) | B4: 400000 | C4: 양 거래소 원화+코인 합계. 잃어도 되는 금액으로 설정.
A5: 업비트 매매수수료 | B5: 0.0005 | C5: 예시값 0.05%. 본인 계정 실제 수수료로 수정.
A6: 빗썸 매매수수료 | B6: 0.0004 | C6: 예시값 0.04%. 쿠폰·등급에 따라 다르므로 본인 계정 확인 후 수정.
A7: 1회 최대 거래금액(원) | B7: 100000 | C7: arb_monitor.py의 NOTIONAL_KRW와 동일하게.
A8: 최소 진입 순괴리(bp) | B8: 10 | C8: 수수료 차감 후 이 값 이상일 때만 진입. arb_monitor.py의 THRESHOLD_BP와 동일하게.
A9: 일일 손실 한도(원) | B9: 5000 | C9: 총손익(재고평가 포함)이 이 이하로 내려가면 당일 거래 중단.
A10: 업비트 코인 비중 하한 | B10: 0.3 | C10: 업비트 보유 비중이 이 밑으로 가면 리밸런싱.
A11: 업비트 코인 비중 상한 | B11: 0.7 | C11: 업비트 보유 비중이 이 위로 가면 리밸런싱.
A12: 규칙 위반 시 조치 | B12: 당일 거래 중단 + 회고 작성 | C12: 본인이 정한 페널티. 데스크의 한도 위반 보고와 같은 역할.

Sheet 매매일지
A1: 매매일지
A2: 1건 = 1행. 연노랑 헤더 열만 입력. 5행은 예시(덮어쓰기).
A4: 번호 | B4: 날짜 | C4: 시각 | D4: 코인 | E4: 매수 거래소 | F4: 매도 거래소 | G4: 모니터 순괴리(bp) =기대엣지 | H4: 수량 | I4: 매수 체결가(원) | J4: 매도 체결가(원) | K4: 매수금액(원) | L4: 매도금액(원) | M4: 총괴리(bp) | N4: 수수료(원) | O4: 순손익(원) | P4: 실현 순괴리(bp) | Q4: 실행 슬리피지(bp) | R4: 규칙체크 | S4: 진입근거 / 메모
A5: 1 | B5: 46309 | C5: 0.6056713 | D5: XRP | E5: 빗썸 | F5: 업비트 | G5: 24.8 | H5: 29.8 | I5: 3350 | J5: 3359 | K5: =IF(H5="","",H5*I5) -> 99830 | L5: =IF(H5="","",H5*J5) -> 100098.2 | M5: =IF(H5="","",(L5-K5)/K5*10000) -> 26.865672 | N5: =IF(H5="","",K5*IF(E5="업비트",운용규칙!$B$5,운용규칙!$B$6)+L5*IF(F5="업비트",운용규칙!$B$5,운용규칙!$B$6)) -> 89.9811 | O5: =IF(H5="","",L5-K5-N5) -> 178.2189 | P5: =IF(H5="","",O5/K5*10000) -> 17.852239 | Q5: =IF(OR(H5="",G5=""),"",G5-P5) -> 6.9477612 | R5: =IF(H5="","",IF(OR(G5<운용규칙!$B$8,K5>운용규칙!$B$7),"위반","OK")) -> OK | S5: (예시) 모니터 24.8bp 신호. 업비트 매도 시 호가가 한 틱 밀려 실현 엣지 감소.
K6: =IF(H6="","",H6*I6) | L6: =IF(H6="","",H6*J6) | M6: =IF(H6="","",(L6-K6)/K6*10000) | N6: =IF(H6="","",K6*IF(E6="업비트",운용규칙!$B$5,운용규칙!$B$6)+L6*IF(F6="업비트",운용규칙!$B$5,운용규칙!$B$6)) | O6: =IF(H6="","",L6-K6-N6) | P6: =IF(H6="","",O6/K6*10000) | Q6: =IF(OR(H6="",G6=""),"",G6-P6) | R6: =IF(H6="","",IF(OR(G6<운용규칙!$B$8,K6>운용규칙!$B$7),"위반","OK"))
K7: =IF(H7="","",H7*I7) | L7: =IF(H7="","",H7*J7) | M7: =IF(H7="","",(L7-K7)/K7*10000) | N7: =IF(H7="","",K7*IF(E7="업비트",운용규칙!$B$5,운용규칙!$B$6)+L7*IF(F7="업비트",운용규칙!$B$5,운용규칙!$B$6)) | O7: =IF(H7="","",L7-K7-N7) | P7: =IF(H7="","",O7/K7*10000) | Q7: =IF(OR(H7="",G7=""),"",G7-P7) | R7: =IF(H7="","",IF(OR(G7<운용규칙!$B$8,K7>운용규칙!$B$7),"위반","OK"))
K8: =IF(H8="","",H8*I8) | L8: =IF(H8="","",H8*J8) | M8: =IF(H8="","",(L8-K8)/K8*10000) | N8: =IF(H8="","",K8*IF(E8="업비트",운용규칙!$B$5,운용규칙!$B$6)+L8*IF(F8="업비트",운용규칙!$B$5,운용규칙!$B$6)) | O8: =IF(H8="","",L8-K8-N8) | P8: =IF(H8="","",O8/K8*10000) | Q8: =IF(OR(H8="",G8=""),"",G8-P8) | R8: =IF(H8="","",IF(OR(G8<운용규칙!$B$8,K8>운용규칙!$B$7),"위반","OK"))
K9: =IF(H9="","",H9*I9) | L9: =IF(H9="","",H9*J9) | M9: =IF(H9="","",(L9-K9)/K9*10000) | N9: =IF(H9="","",K9*IF(E9="업비트",운용규칙!$B$5,운용규칙!$B$6)+L9*IF(F9="업비트",운용규칙!$B$5,운용규칙!$B$6)) | O9: =IF(H9="","",L9-K9-N9) | P9: =IF(H9="","",O9/K9*10000) | Q9: =IF(OR(H9="",G9=""),"",G9-P9) | R9: =IF(H9="","",IF(OR(G9<운용규칙!$B$8,K9>운용규칙!$B$7),"위반","OK"))
K10: =IF(H10="","",H10*I10) | L10: =IF(H10="","",H10*J10) | M10: =IF(H10="","",(L10-K10)/K10*10000) | N10: =IF(H10="","",K10*IF(E10="업비트",운용규칙!$B$5,운용규칙!$B$6)+L10*IF(F10="업비트",운용규칙!$B$5,운용규칙!$B$6)) | O10: =IF(H10="","",L10-K10-N10) | P10: =IF(H10="","",O10/K10*10000) | Q10: =IF(OR(H10="",G10=""),"",G10-P10) | R10: =IF(H10="","",IF(OR(G10<운용규칙!$B$8,K10>운용규칙!$B$7),"위반","OK"))
K11: =IF(H11="","",H11*I11) | L11: =IF(H11="","",H11*J11) | M11: =IF(H11="","",(L11-K11)/K11*10000) | N11: =IF(H11="","",K11*IF(E11="업비트",운용규칙!$B$5,운용규칙!$B$6)+L11*IF(F11="업비트",운용규칙!$B$5,운용규칙!$B$6)) | O11: =IF(H11="","",L11-K11-N11) | P11: =IF(H11="","",O11/K11*10000) | Q11: =IF(OR(H11="",G11=""),"",G11-P11) | R11: =IF(H11="","",IF(OR(G11<운용규칙!$B$8,K11>운용규칙!$B$7),"위반","OK"))
K12: =IF(H12="","",H12*I12) | L12: =IF(H12="","",H12*J12) | M12: =IF(H12="","",(L12-K12)/K12*10000) | N12: =IF(H12="","",K12*IF(E12="업비트",운용규칙!$B$5,운용규칙!$B$6)+L12*IF(F12="업비트",운용규칙!$B$5,운용규칙!$B$6)) | O12: =IF(H12="","",L12-K12-N12) | P12: =IF(H12="","",O12/K12*10000) | Q12: =IF(OR(H12="",G12=""),"",G12-P12) | R12: =IF(H12="","",IF(OR(G12<운용규칙!$B$8,K12>운용규칙!$B$7),"위반","OK"))
K13: =IF(H13="","",H13*I13) | L13: =IF(H13="","",H13*J13) | M13: =IF(H13="","",(L13-K13)/K13*10000) | N13: =IF(H13="","",K13*IF(E13="업비트",운용규칙!$B$5,운용규칙!$B$6)+L13*IF(F13="업비트",운용규칙!$B$5,운용규칙!$B$6)) | O13: =IF(H13="","",L13-K13-N13) | P13: =IF(H13="","",O13/K13*10000) | Q13: =IF(OR(H13="",G13=""),"",G13-P13) | R13: =IF(H13="","",IF(OR(G13<운용규칙!$B$8,K13>운용규칙!$B$7),"위반","OK"))
K14: =IF(H14="","",H14*I14) | L14: =IF(H14="","",H14*J14) | M14: =IF(H14="","",(L14-K14)/K14*10000) | N14: =IF(H14="","",K14*IF(E14="업비트",운용규칙!$B$5,운용규칙!$B$6)+L14*IF(F14="업비트",운용규칙!$B$5,운용규칙!$B$6)) | O14: =IF(H14="","",L14-K14-N14) | P14: =IF(H14="","",O14/K14*10000) | Q14: =IF(OR(H14="",G14=""),"",G14-P14) | R14: =IF(H14="","",IF(OR(G14<운용규칙!$B$8,K14>운용규칙!$B$7),"위반","OK"))
K15: =IF(H15="","",H15*I15) | L15: =IF(H15="","",H15*J15) | M15: =IF(H15="","",(L15-K15)/K15*10000) | N15: =IF(H15="","",K15*IF(E15="업비트",운용규칙!$B$5,운용규칙!$B$6)+L15*IF(F15="업비트",운용규칙!$B$5,운용규칙!$B$6)) | O15: =IF(H15="","",L15-K15-N15) | P15: =IF(H15="","",O15/K15*10000) | Q15: =IF(OR(H15="",G15=""),"",G15-P15) | R15: =IF(H15="","",IF(OR(G15<운용규칙!$B$8,K15>운용규칙!$B$7),"위반","OK"))
K16: =IF(H16="","",H16*I16) | L16: =IF(H16="","",H16*J16) | M16: =IF(H16="","",(L16-K16)/K16*10000) | N16: =IF(H16="","",K16*IF(E16="업비트",운용규칙!$B$5,운용규칙!$B$6)+L16*IF(F16="업비트",운용규칙!$B$5,운용규칙!$B$6)) | O16: =IF(H16="","",L16-K16-N16) | P16: =IF(H16="","",O16/K16*10000) | Q16: =IF(OR(H16="",G16=""),"",G16-P16) | R16: =IF(H16="","",IF(OR(G16<운용규칙!$B$8,K16>운용규칙!$B$7),"위반","OK"))
K17: =IF(H17="","",H17*I17) | L17: =IF(H17="","",H17*J17) | M17: =IF(H17="","",(L17-K17)/K17*10000) | N17: =IF(H17="","",K17*IF(E17="업비트",운용규칙!$B$5,운용규칙!$B$6)+L17*IF(F17="업비트",운용규칙!$B$5,운용규칙!$B$6)) | O17: =IF(H17="","",L17-K17-N17) | P17: =IF(H17="","",O17/K17*10000) | Q17: =IF(OR(H17="",G17=""),"",G17-P17) | R17: =IF(H17="","",IF(OR(G17<운용규칙!$B$8,K17>운용규칙!$B$7),"위반","OK"))
... K304: =IF(H304="","",H304*I304) | L304: =IF(H304="","",H304*J304) | M304: =IF(H304="","",(L304-K304)/K304*10000) | N304: =IF(H304="","",K304*IF(E304="업비트",운용규칙!$B$5,운용규칙!$B$6)+L304*IF(F304="업비트",운용규칙!$B$5,운용규칙!$B$6)) | O304: =IF(H304="","",L304-K304-N304) | P304: =IF(H304="","",O304/K304*10000) | Q304: =IF(OR(H304="",G304=""),"",G304-P304) | R304: =IF(H304="","",IF(OR(G304<운용규칙!$B$8,K304>운용규칙!$B$7),"위반","OK"))

Sheet 재고
A1: 재고(인벤토리) 현황
A2: 매일 마감 기준 코인별 1행. 5행은 예시.
A4: 날짜 | B4: 코인 | C4: 업비트 보유수량 | D4: 빗썸 보유수량 | E4: 총수량 | F4: 업비트 비중 | G4: 종가(원) | H4: 전일종가(원) | I4: 재고 평가손익(원) | J4: 리밸런싱 판단
A5: 46309 | B5: XRP | C5: 0.2 | D5: 59.8 | E5: =IF(OR(C5="",D5=""),"",C5+D5) -> 60 | F5: =IF(E5="","",IF(E5=0,0,C5/E5)) -> 0.0033333333 | G5: 3355 | H5: 3340 | I5: =IF(OR(E5="",G5="",H5=""),"",E5*(G5-H5)) -> 900 | J5: =IF(F5="","",IF(OR(F5<운용규칙!$B$10,F5>운용규칙!$B$11),"리밸런싱 필요","OK")) -> 리밸런싱 필요
E6: =IF(OR(C6="",D6=""),"",C6+D6) | F6: =IF(E6="","",IF(E6=0,0,C6/E6)) | I6: =IF(OR(E6="",G6="",H6=""),"",E6*(G6-H6)) | J6: =IF(F6="","",IF(OR(F6<운용규칙!$B$10,F6>운용규칙!$B$11),"리밸런싱 필요","OK"))
E7: =IF(OR(C7="",D7=""),"",C7+D7) | F7: =IF(E7="","",IF(E7=0,0,C7/E7)) | I7: =IF(OR(E7="",G7="",H7=""),"",E7*(G7-H7)) | J7: =IF(F7="","",IF(OR(F7<운용규칙!$B$10,F7>운용규칙!$B$11),"리밸런싱 필요","OK"))
E8: =IF(OR(C8="",D8=""),"",C8+D8) | F8: =IF(E8="","",IF(E8=0,0,C8/E8)) | I8: =IF(OR(E8="",G8="",H8=""),"",E8*(G8-H8)) | J8: =IF(F8="","",IF(OR(F8<운용규칙!$B$10,F8>운용규칙!$B$11),"리밸런싱 필요","OK"))
E9: =IF(OR(C9="",D9=""),"",C9+D9) | F9: =IF(E9="","",IF(E9=0,0,C9/E9)) | I9: =IF(OR(E9="",G9="",H9=""),"",E9*(G9-H9)) | J9: =IF(F9="","",IF(OR(F9<운용규칙!$B$10,F9>운용규칙!$B$11),"리밸런싱 필요","OK"))
E10: =IF(OR(C10="",D10=""),"",C10+D10) | F10: =IF(E10="","",IF(E10=0,0,C10/E10)) | I10: =IF(OR(E10="",G10="",H10=""),"",E10*(G10-H10)) | J10: =IF(F10="","",IF(OR(F10<운용규칙!$B$10,F10>운용규칙!$B$11),"리밸런싱 필요","OK"))
E11: =IF(OR(C11="",D11=""),"",C11+D11) | F11: =IF(E11="","",IF(E11=0,0,C11/E11)) | I11: =IF(OR(E11="",G11="",H11=""),"",E11*(G11-H11)) | J11: =IF(F11="","",IF(OR(F11<운용규칙!$B$10,F11>운용규칙!$B$11),"리밸런싱 필요","OK"))
E12: =IF(OR(C12="",D12=""),"",C12+D12) | F12: =IF(E12="","",IF(E12=0,0,C12/E12)) | I12: =IF(OR(E12="",G12="",H12=""),"",E12*(G12-H12)) | J12: =IF(F12="","",IF(OR(F12<운용규칙!$B$10,F12>운용규칙!$B$11),"리밸런싱 필요","OK"))
E13: =IF(OR(C13="",D13=""),"",C13+D13) | F13: =IF(E13="","",IF(E13=0,0,C13/E13)) | I13: =IF(OR(E13="",G13="",H13=""),"",E13*(G13-H13)) | J13: =IF(F13="","",IF(OR(F13<운용규칙!$B$10,F13>운용규칙!$B$11),"리밸런싱 필요","OK"))
E14: =IF(OR(C14="",D14=""),"",C14+D14) | F14: =IF(E14="","",IF(E14=0,0,C14/E14)) | I14: =IF(OR(E14="",G14="",H14=""),"",E14*(G14-H14)) | J14: =IF(F14="","",IF(OR(F14<운용규칙!$B$10,F14>운용규칙!$B$11),"리밸런싱 필요","OK"))
E15: =IF(OR(C15="",D15=""),"",C15+D15) | F15: =IF(E15="","",IF(E15=0,0,C15/E15)) | I15: =IF(OR(E15="",G15="",H15=""),"",E15*(G15-H15)) | J15: =IF(F15="","",IF(OR(F15<운용규칙!$B$10,F15>운용규칙!$B$11),"리밸런싱 필요","OK"))
E16: =IF(OR(C16="",D16=""),"",C16+D16) | F16: =IF(E16="","",IF(E16=0,0,C16/E16)) | I16: =IF(OR(E16="",G16="",H16=""),"",E16*(G16-H16)) | J16: =IF(F16="","",IF(OR(F16<운용규칙!$B$10,F16>운용규칙!$B$11),"리밸런싱 필요","OK"))
E17: =IF(OR(C17="",D17=""),"",C17+D17) | F17: =IF(E17="","",IF(E17=0,0,C17/E17)) | I17: =IF(OR(E17="",G17="",H17=""),"",E17*(G17-H17)) | J17: =IF(F17="","",IF(OR(F17<운용규칙!$B$10,F17>운용규칙!$B$11),"리밸런싱 필요","OK"))
... E204: =IF(OR(C204="",D204=""),"",C204+D204) | F204: =IF(E204="","",IF(E204=0,0,C204/E204)) | I204: =IF(OR(E204="",G204="",H204=""),"",E204*(G204-H204)) | J204: =IF(F204="","",IF(OR(F204<운용규칙!$B$10,F204>운용규칙!$B$11),"리밸런싱 필요","OK"))

Sheet 일일PnL
A1: 일일 손익 분해
A2: 날짜와 리밸런싱비용만 입력. 나머지는 매매일지·재고 시트에서 자동 집계.
A4: 날짜 | B4: 거래 건수 | C4: 스프레드 수익(원) | D4: 수수료(원) | E4: 리밸런싱 비용(원) | F4: 차익손익(원) =스프레드−비용 | G4: 재고 평가손익(원) | H4: 총손익(원) | I4: 누적 차익손익(원) | J4: 누적 총손익(원) | K4: 손실한도 체크 | L4: 규칙위반 건수
A5: 46309 | B5: =IF($A5="","",COUNTIFS(매매일지!$B:$B,$A5)) -> 1 | C5: =IF($A5="","",SUMIFS(매매일지!$L:$L,매매일지!$B:$B,$A5)-SUMIFS(매매일지!$K:$K,매매일지!$B:$B,$A5)) -> 268.2 | D5: =IF($A5="","",SUMIFS(매매일지!$N:$N,매매일지!$B:$B,$A5)) -> 89.9811 | E5: 0 | F5: =IF($A5="","",C5-D5-N(E5)) -> 178.2189 | G5: =IF($A5="","",SUMIFS(재고!$I:$I,재고!$A:$A,$A5)) -> 900 | H5: =IF($A5="","",F5+G5) -> 1078.2189 | I5: =IF($A5="","",SUM($F$5:F5)) -> 178.2189 | J5: =IF($A5="","",SUM($H$5:H5)) -> 1078.2189 | K5: =IF($A5="","",IF(H5<-운용규칙!$B$9,"한도초과","OK")) -> OK | L5: =IF($A5="","",COUNTIFS(매매일지!$B:$B,$A5,매매일지!$R:$R,"위반")) -> 0
B6: =IF($A6="","",COUNTIFS(매매일지!$B:$B,$A6)) | C6: =IF($A6="","",SUMIFS(매매일지!$L:$L,매매일지!$B:$B,$A6)-SUMIFS(매매일지!$K:$K,매매일지!$B:$B,$A6)) | D6: =IF($A6="","",SUMIFS(매매일지!$N:$N,매매일지!$B:$B,$A6)) | F6: =IF($A6="","",C6-D6-N(E6)) | G6: =IF($A6="","",SUMIFS(재고!$I:$I,재고!$A:$A,$A6)) | H6: =IF($A6="","",F6+G6) | I6: =IF($A6="","",SUM($F$5:F6)) | J6: =IF($A6="","",SUM($H$5:H6)) | K6: =IF($A6="","",IF(H6<-운용규칙!$B$9,"한도초과","OK")) | L6: =IF($A6="","",COUNTIFS(매매일지!$B:$B,$A6,매매일지!$R:$R,"위반"))
B7: =IF($A7="","",COUNTIFS(매매일지!$B:$B,$A7)) | C7: =IF($A7="","",SUMIFS(매매일지!$L:$L,매매일지!$B:$B,$A7)-SUMIFS(매매일지!$K:$K,매매일지!$B:$B,$A7)) | D7: =IF($A7="","",SUMIFS(매매일지!$N:$N,매매일지!$B:$B,$A7)) | F7: =IF($A7="","",C7-D7-N(E7)) | G7: =IF($A7="","",SUMIFS(재고!$I:$I,재고!$A:$A,$A7)) | H7: =IF($A7="","",F7+G7) | I7: =IF($A7="","",SUM($F$5:F7)) | J7: =IF($A7="","",SUM($H$5:H7)) | K7: =IF($A7="","",IF(H7<-운용규칙!$B$9,"한도초과","OK")) | L7: =IF($A7="","",COUNTIFS(매매일지!$B:$B,$A7,매매일지!$R:$R,"위반"))
B8: =IF($A8="","",COUNTIFS(매매일지!$B:$B,$A8)) | C8: =IF($A8="","",SUMIFS(매매일지!$L:$L,매매일지!$B:$B,$A8)-SUMIFS(매매일지!$K:$K,매매일지!$B:$B,$A8)) | D8: =IF($A8="","",SUMIFS(매매일지!$N:$N,매매일지!$B:$B,$A8)) | F8: =IF($A8="","",C8-D8-N(E8)) | G8: =IF($A8="","",SUMIFS(재고!$I:$I,재고!$A:$A,$A8)) | H8: =IF($A8="","",F8+G8) | I8: =IF($A8="","",SUM($F$5:F8)) | J8: =IF($A8="","",SUM($H$5:H8)) | K8: =IF($A8="","",IF(H8<-운용규칙!$B$9,"한도초과","OK")) | L8: =IF($A8="","",COUNTIFS(매매일지!$B:$B,$A8,매매일지!$R:$R,"위반"))
B9: =IF($A9="","",COUNTIFS(매매일지!$B:$B,$A9)) | C9: =IF($A9="","",SUMIFS(매매일지!$L:$L,매매일지!$B:$B,$A9)-SUMIFS(매매일지!$K:$K,매매일지!$B:$B,$A9)) | D9: =IF($A9="","",SUMIFS(매매일지!$N:$N,매매일지!$B:$B,$A9)) | F9: =IF($A9="","",C9-D9-N(E9)) | G9: =IF($A9="","",SUMIFS(재고!$I:$I,재고!$A:$A,$A9)) | H9: =IF($A9="","",F9+G9) | I9: =IF($A9="","",SUM($F$5:F9)) | J9: =IF($A9="","",SUM($H$5:H9)) | K9: =IF($A9="","",IF(H9<-운용규칙!$B$9,"한도초과","OK")) | L9: =IF($A9="","",COUNTIFS(매매일지!$B:$B,$A9,매매일지!$R:$R,"위반"))
B10: =IF($A10="","",COUNTIFS(매매일지!$B:$B,$A10)) | C10: =IF($A10="","",SUMIFS(매매일지!$L:$L,매매일지!$B:$B,$A10)-SUMIFS(매매일지!$K:$K,매매일지!$B:$B,$A10)) | D10: =IF($A10="","",SUMIFS(매매일지!$N:$N,매매일지!$B:$B,$A10)) | F10: =IF($A10="","",C10-D10-N(E10)) | G10: =IF($A10="","",SUMIFS(재고!$I:$I,재고!$A:$A,$A10)) | H10: =IF($A10="","",F10+G10) | I10: =IF($A10="","",SUM($F$5:F10)) | J10: =IF($A10="","",SUM($H$5:H10)) | K10: =IF($A10="","",IF(H10<-운용규칙!$B$9,"한도초과","OK")) | L10: =IF($A10="","",COUNTIFS(매매일지!$B:$B,$A10,매매일지!$R:$R,"위반"))
B11: =IF($A11="","",COUNTIFS(매매일지!$B:$B,$A11)) | C11: =IF($A11="","",SUMIFS(매매일지!$L:$L,매매일지!$B:$B,$A11)-SUMIFS(매매일지!$K:$K,매매일지!$B:$B,$A11)) | D11: =IF($A11="","",SUMIFS(매매일지!$N:$N,매매일지!$B:$B,$A11)) | F11: =IF($A11="","",C11-D11-N(E11)) | G11: =IF($A11="","",SUMIFS(재고!$I:$I,재고!$A:$A,$A11)) | H11: =IF($A11="","",F11+G11) | I11: =IF($A11="","",SUM($F$5:F11)) | J11: =IF($A11="","",SUM($H$5:H11)) | K11: =IF($A11="","",IF(H11<-운용규칙!$B$9,"한도초과","OK")) | L11: =IF($A11="","",COUNTIFS(매매일지!$B:$B,$A11,매매일지!$R:$R,"위반"))
B12: =IF($A12="","",COUNTIFS(매매일지!$B:$B,$A12)) | C12: =IF($A12="","",SUMIFS(매매일지!$L:$L,매매일지!$B:$B,$A12)-SUMIFS(매매일지!$K:$K,매매일지!$B:$B,$A12)) | D12: =IF($A12="","",SUMIFS(매매일지!$N:$N,매매일지!$B:$B,$A12)) | F12: =IF($A12="","",C12-D12-N(E12)) | G12: =IF($A12="","",SUMIFS(재고!$I:$I,재고!$A:$A,$A12)) | H12: =IF($A12="","",F12+G12) | I12: =IF($A12="","",SUM($F$5:F12)) | J12: =IF($A12="","",SUM($H$5:H12)) | K12: =IF($A12="","",IF(H12<-운용규칙!$B$9,"한도초과","OK")) | L12: =IF($A12="","",COUNTIFS(매매일지!$B:$B,$A12,매매일지!$R:$R,"위반"))
B13: =IF($A13="","",COUNTIFS(매매일지!$B:$B,$A13)) | C13: =IF($A13="","",SUMIFS(매매일지!$L:$L,매매일지!$B:$B,$A13)-SUMIFS(매매일지!$K:$K,매매일지!$B:$B,$A13)) | D13: =IF($A13="","",SUMIFS(매매일지!$N:$N,매매일지!$B:$B,$A13)) | F13: =IF($A13="","",C13-D13-N(E13)) | G13: =IF($A13="","",SUMIFS(재고!$I:$I,재고!$A:$A,$A13)) | H13: =IF($A13="","",F13+G13) | I13: =IF($A13="","",SUM($F$5:F13)) | J13: =IF($A13="","",SUM($H$5:H13)) | K13: =IF($A13="","",IF(H13<-운용규칙!$B$9,"한도초과","OK")) | L13: =IF($A13="","",COUNTIFS(매매일지!$B:$B,$A13,매매일지!$R:$R,"위반"))
B14: =IF($A14="","",COUNTIFS(매매일지!$B:$B,$A14)) | C14: =IF($A14="","",SUMIFS(매매일지!$L:$L,매매일지!$B:$B,$A14)-SUMIFS(매매일지!$K:$K,매매일지!$B:$B,$A14)) | D14: =IF($A14="","",SUMIFS(매매일지!$N:$N,매매일지!$B:$B,$A14)) | F14: =IF($A14="","",C14-D14-N(E14)) | G14: =IF($A14="","",SUMIFS(재고!$I:$I,재고!$A:$A,$A14)) | H14: =IF($A14="","",F14+G14) | I14: =IF($A14="","",SUM($F$5:F14)) | J14: =IF($A14="","",SUM($H$5:H14)) | K14: =IF($A14="","",IF(H14<-운용규칙!$B$9,"한도초과","OK")) | L14: =IF($A14="","",COUNTIFS(매매일지!$B:$B,$A14,매매일지!$R:$R,"위반"))
B15: =IF($A15="","",COUNTIFS(매매일지!$B:$B,$A15)) | C15: =IF($A15="","",SUMIFS(매매일지!$L:$L,매매일지!$B:$B,$A15)-SUMIFS(매매일지!$K:$K,매매일지!$B:$B,$A15)) | D15: =IF($A15="","",SUMIFS(매매일지!$N:$N,매매일지!$B:$B,$A15)) | F15: =IF($A15="","",C15-D15-N(E15)) | G15: =IF($A15="","",SUMIFS(재고!$I:$I,재고!$A:$A,$A15)) | H15: =IF($A15="","",F15+G15) | I15: =IF($A15="","",SUM($F$5:F15)) | J15: =IF($A15="","",SUM($H$5:H15)) | K15: =IF($A15="","",IF(H15<-운용규칙!$B$9,"한도초과","OK")) | L15: =IF($A15="","",COUNTIFS(매매일지!$B:$B,$A15,매매일지!$R:$R,"위반"))
B16: =IF($A16="","",COUNTIFS(매매일지!$B:$B,$A16)) | C16: =IF($A16="","",SUMIFS(매매일지!$L:$L,매매일지!$B:$B,$A16)-SUMIFS(매매일지!$K:$K,매매일지!$B:$B,$A16)) | D16: =IF($A16="","",SUMIFS(매매일지!$N:$N,매매일지!$B:$B,$A16)) | F16: =IF($A16="","",C16-D16-N(E16)) | G16: =IF($A16="","",SUMIFS(재고!$I:$I,재고!$A:$A,$A16)) | H16: =IF($A16="","",F16+G16) | I16: =IF($A16="","",SUM($F$5:F16)) | J16: =IF($A16="","",SUM($H$5:H16)) | K16: =IF($A16="","",IF(H16<-운용규칙!$B$9,"한도초과","OK")) | L16: =IF($A16="","",COUNTIFS(매매일지!$B:$B,$A16,매매일지!$R:$R,"위반"))
B17: =IF($A17="","",COUNTIFS(매매일지!$B:$B,$A17)) | C17: =IF($A17="","",SUMIFS(매매일지!$L:$L,매매일지!$B:$B,$A17)-SUMIFS(매매일지!$K:$K,매매일지!$B:$B,$A17)) | D17: =IF($A17="","",SUMIFS(매매일지!$N:$N,매매일지!$B:$B,$A17)) | F17: =IF($A17="","",C17-D17-N(E17)) | G17: =IF($A17="","",SUMIFS(재고!$I:$I,재고!$A:$A,$A17)) | H17: =IF($A17="","",F17+G17) | I17: =IF($A17="","",SUM($F$5:F17)) | J17: =IF($A17="","",SUM($H$5:H17)) | K17: =IF($A17="","",IF(H17<-운용규칙!$B$9,"한도초과","OK")) | L17: =IF($A17="","",COUNTIFS(매매일지!$B:$B,$A17,매매일지!$R:$R,"위반"))
... B124: =IF($A124="","",COUNTIFS(매매일지!$B:$B,$A124)) | C124: =IF($A124="","",SUMIFS(매매일지!$L:$L,매매일지!$B:$B,$A124)-SUMIFS(매매일지!$K:$K,매매일지!$B:$B,$A124)) | D124: =IF($A124="","",SUMIFS(매매일지!$N:$N,매매일지!$B:$B,$A124)) | F124: =IF($A124="","",C124-D124-N(E124)) | G124: =IF($A124="","",SUMIFS(재고!$I:$I,재고!$A:$A,$A124)) | H124: =IF($A124="","",F124+G124) | I124: =IF($A124="","",SUM($F$5:F124)) | J124: =IF($A124="","",SUM($H$5:H124)) | K124: =IF($A124="","",IF(H124<-운용규칙!$B$9,"한도초과","OK")) | L124: =IF($A124="","",COUNTIFS(매매일지!$B:$B,$A124,매매일지!$R:$R,"위반"))

Sheet 주간회고
A1: 주간 회고
A2: 주차·기간 입력 시 지표 자동 집계. 서술 3칸이 면접 답변의 원재료.
A4: 주차 | B4: 시작일 | C4: 종료일 | D4: 거래 건수 | E4: 차익손익(원) | F4: 재고 평가손익(원) | G4: 평균 실현 순괴리(bp) | H4: 평균 실행 슬리피지(bp) | I4: 규칙위반 건수 | J4: 잘된 점 | K4: 문제점 | L4: 다음 주 규칙 수정
A5: 1 | B5: 46307 | C5: 46313 | D5: =IF(OR($B5="",$C5=""),"",COUNTIFS(매매일지!$B:$B,">="&$B5,매매일지!$B:$B,"<="&$C5)) -> 1 | E5: =IF(OR($B5="",$C5=""),"",SUMIFS(일일PnL!$F:$F,일일PnL!$A:$A,">="&$B5,일일PnL!$A:$A,"<="&$C5)) -> 178.2189 | F5: =IF(OR($B5="",$C5=""),"",SUMIFS(일일PnL!$G:$G,일일PnL!$A:$A,">="&$B5,일일PnL!$A:$A,"<="&$C5)) -> 900 | G5: =IF(OR($B5="",$C5=""),"",IFERROR(AVERAGEIFS(매매일지!$P:$P,매매일지!$B:$B,">="&$B5,매매일지!$B:$B,"<="&$C5),"")) -> 17.852239 | H5: =IF(OR($B5="",$C5=""),"",IFERROR(AVERAGEIFS(매매일지!$Q:$Q,매매일지!$B:$B,">="&$B5,매매일지!$B:$B,"<="&$C5),"")) -> 6.9477612 | I5: =IF(OR($B5="",$C5=""),"",COUNTIFS(매매일지!$B:$B,">="&$B5,매매일지!$B:$B,"<="&$C5,매매일지!$R:$R,"위반")) -> 0 | J5: (예시) 신호 기준을 지키며 진입. 시간대별 괴리 패턴 파악. | K5: (예시) 재고평가손익이 차익손익보다 커서 결과가 코인 방향에 좌우됨. | L5: (예시) 재고 총량 축소 검토, 리밸런싱 밴드 유지.
D6: =IF(OR($B6="",$C6=""),"",COUNTIFS(매매일지!$B:$B,">="&$B6,매매일지!$B:$B,"<="&$C6)) | E6: =IF(OR($B6="",$C6=""),"",SUMIFS(일일PnL!$F:$F,일일PnL!$A:$A,">="&$B6,일일PnL!$A:$A,"<="&$C6)) | F6: =IF(OR($B6="",$C6=""),"",SUMIFS(일일PnL!$G:$G,일일PnL!$A:$A,">="&$B6,일일PnL!$A:$A,"<="&$C6)) | G6: =IF(OR($B6="",$C6=""),"",IFERROR(AVERAGEIFS(매매일지!$P:$P,매매일지!$B:$B,">="&$B6,매매일지!$B:$B,"<="&$C6),"")) | H6: =IF(OR($B6="",$C6=""),"",IFERROR(AVERAGEIFS(매매일지!$Q:$Q,매매일지!$B:$B,">="&$B6,매매일지!$B:$B,"<="&$C6),"")) | I6: =IF(OR($B6="",$C6=""),"",COUNTIFS(매매일지!$B:$B,">="&$B6,매매일지!$B:$B,"<="&$C6,매매일지!$R:$R,"위반"))
D7: =IF(OR($B7="",$C7=""),"",COUNTIFS(매매일지!$B:$B,">="&$B7,매매일지!$B:$B,"<="&$C7)) | E7: =IF(OR($B7="",$C7=""),"",SUMIFS(일일PnL!$F:$F,일일PnL!$A:$A,">="&$B7,일일PnL!$A:$A,"<="&$C7)) | F7: =IF(OR($B7="",$C7=""),"",SUMIFS(일일PnL!$G:$G,일일PnL!$A:$A,">="&$B7,일일PnL!$A:$A,"<="&$C7)) | G7: =IF(OR($B7="",$C7=""),"",IFERROR(AVERAGEIFS(매매일지!$P:$P,매매일지!$B:$B,">="&$B7,매매일지!$B:$B,"<="&$C7),"")) | H7: =IF(OR($B7="",$C7=""),"",IFERROR(AVERAGEIFS(매매일지!$Q:$Q,매매일지!$B:$B,">="&$B7,매매일지!$B:$B,"<="&$C7),"")) | I7: =IF(OR($B7="",$C7=""),"",COUNTIFS(매매일지!$B:$B,">="&$B7,매매일지!$B:$B,"<="&$C7,매매일지!$R:$R,"위반"))
D8: =IF(OR($B8="",$C8=""),"",COUNTIFS(매매일지!$B:$B,">="&$B8,매매일지!$B:$B,"<="&$C8)) | E8: =IF(OR($B8="",$C8=""),"",SUMIFS(일일PnL!$F:$F,일일PnL!$A:$A,">="&$B8,일일PnL!$A:$A,"<="&$C8)) | F8: =IF(OR($B8="",$C8=""),"",SUMIFS(일일PnL!$G:$G,일일PnL!$A:$A,">="&$B8,일일PnL!$A:$A,"<="&$C8)) | G8: =IF(OR($B8="",$C8=""),"",IFERROR(AVERAGEIFS(매매일지!$P:$P,매매일지!$B:$B,">="&$B8,매매일지!$B:$B,"<="&$C8),"")) | H8: =IF(OR($B8="",$C8=""),"",IFERROR(AVERAGEIFS(매매일지!$Q:$Q,매매일지!$B:$B,">="&$B8,매매일지!$B:$B,"<="&$C8),"")) | I8: =IF(OR($B8="",$C8=""),"",COUNTIFS(매매일지!$B:$B,">="&$B8,매매일지!$B:$B,"<="&$C8,매매일지!$R:$R,"위반"))
D9: =IF(OR($B9="",$C9=""),"",COUNTIFS(매매일지!$B:$B,">="&$B9,매매일지!$B:$B,"<="&$C9)) | E9: =IF(OR($B9="",$C9=""),"",SUMIFS(일일PnL!$F:$F,일일PnL!$A:$A,">="&$B9,일일PnL!$A:$A,"<="&$C9)) | F9: =IF(OR($B9="",$C9=""),"",SUMIFS(일일PnL!$G:$G,일일PnL!$A:$A,">="&$B9,일일PnL!$A:$A,"<="&$C9)) | G9: =IF(OR($B9="",$C9=""),"",IFERROR(AVERAGEIFS(매매일지!$P:$P,매매일지!$B:$B,">="&$B9,매매일지!$B:$B,"<="&$C9),"")) | H9: =IF(OR($B9="",$C9=""),"",IFERROR(AVERAGEIFS(매매일지!$Q:$Q,매매일지!$B:$B,">="&$B9,매매일지!$B:$B,"<="&$C9),"")) | I9: =IF(OR($B9="",$C9=""),"",COUNTIFS(매매일지!$B:$B,">="&$B9,매매일지!$B:$B,"<="&$C9,매매일지!$R:$R,"위반"))
D10: =IF(OR($B10="",$C10=""),"",COUNTIFS(매매일지!$B:$B,">="&$B10,매매일지!$B:$B,"<="&$C10)) | E10: =IF(OR($B10="",$C10=""),"",SUMIFS(일일PnL!$F:$F,일일PnL!$A:$A,">="&$B10,일일PnL!$A:$A,"<="&$C10)) | F10: =IF(OR($B10="",$C10=""),"",SUMIFS(일일PnL!$G:$G,일일PnL!$A:$A,">="&$B10,일일PnL!$A:$A,"<="&$C10)) | G10: =IF(OR($B10="",$C10=""),"",IFERROR(AVERAGEIFS(매매일지!$P:$P,매매일지!$B:$B,">="&$B10,매매일지!$B:$B,"<="&$C10),"")) | H10: =IF(OR($B10="",$C10=""),"",IFERROR(AVERAGEIFS(매매일지!$Q:$Q,매매일지!$B:$B,">="&$B10,매매일지!$B:$B,"<="&$C10),"")) | I10: =IF(OR($B10="",$C10=""),"",COUNTIFS(매매일지!$B:$B,">="&$B10,매매일지!$B:$B,"<="&$C10,매매일지!$R:$R,"위반"))
D11: =IF(OR($B11="",$C11=""),"",COUNTIFS(매매일지!$B:$B,">="&$B11,매매일지!$B:$B,"<="&$C11)) | E11: =IF(OR($B11="",$C11=""),"",SUMIFS(일일PnL!$F:$F,일일PnL!$A:$A,">="&$B11,일일PnL!$A:$A,"<="&$C11)) | F11: =IF(OR($B11="",$C11=""),"",SUMIFS(일일PnL!$G:$G,일일PnL!$A:$A,">="&$B11,일일PnL!$A:$A,"<="&$C11)) | G11: =IF(OR($B11="",$C11=""),"",IFERROR(AVERAGEIFS(매매일지!$P:$P,매매일지!$B:$B,">="&$B11,매매일지!$B:$B,"<="&$C11),"")) | H11: =IF(OR($B11="",$C11=""),"",IFERROR(AVERAGEIFS(매매일지!$Q:$Q,매매일지!$B:$B,">="&$B11,매매일지!$B:$B,"<="&$C11),"")) | I11: =IF(OR($B11="",$C11=""),"",COUNTIFS(매매일지!$B:$B,">="&$B11,매매일지!$B:$B,"<="&$C11,매매일지!$R:$R,"위반"))
D12: =IF(OR($B12="",$C12=""),"",COUNTIFS(매매일지!$B:$B,">="&$B12,매매일지!$B:$B,"<="&$C12)) | E12: =IF(OR($B12="",$C12=""),"",SUMIFS(일일PnL!$F:$F,일일PnL!$A:$A,">="&$B12,일일PnL!$A:$A,"<="&$C12)) | F12: =IF(OR($B12="",$C12=""),"",SUMIFS(일일PnL!$G:$G,일일PnL!$A:$A,">="&$B12,일일PnL!$A:$A,"<="&$C12)) | G12: =IF(OR($B12="",$C12=""),"",IFERROR(AVERAGEIFS(매매일지!$P:$P,매매일지!$B:$B,">="&$B12,매매일지!$B:$B,"<="&$C12),"")) | H12: =IF(OR($B12="",$C12=""),"",IFERROR(AVERAGEIFS(매매일지!$Q:$Q,매매일지!$B:$B,">="&$B12,매매일지!$B:$B,"<="&$C12),"")) | I12: =IF(OR($B12="",$C12=""),"",COUNTIFS(매매일지!$B:$B,">="&$B12,매매일지!$B:$B,"<="&$C12,매매일지!$R:$R,"위반"))
D13: =IF(OR($B13="",$C13=""),"",COUNTIFS(매매일지!$B:$B,">="&$B13,매매일지!$B:$B,"<="&$C13)) | E13: =IF(OR($B13="",$C13=""),"",SUMIFS(일일PnL!$F:$F,일일PnL!$A:$A,">="&$B13,일일PnL!$A:$A,"<="&$C13)) | F13: =IF(OR($B13="",$C13=""),"",SUMIFS(일일PnL!$G:$G,일일PnL!$A:$A,">="&$B13,일일PnL!$A:$A,"<="&$C13)) | G13: =IF(OR($B13="",$C13=""),"",IFERROR(AVERAGEIFS(매매일지!$P:$P,매매일지!$B:$B,">="&$B13,매매일지!$B:$B,"<="&$C13),"")) | H13: =IF(OR($B13="",$C13=""),"",IFERROR(AVERAGEIFS(매매일지!$Q:$Q,매매일지!$B:$B,">="&$B13,매매일지!$B:$B,"<="&$C13),"")) | I13: =IF(OR($B13="",$C13=""),"",COUNTIFS(매매일지!$B:$B,">="&$B13,매매일지!$B:$B,"<="&$C13,매매일지!$R:$R,"위반"))
D14: =IF(OR($B14="",$C14=""),"",COUNTIFS(매매일지!$B:$B,">="&$B14,매매일지!$B:$B,"<="&$C14)) | E14: =IF(OR($B14="",$C14=""),"",SUMIFS(일일PnL!$F:$F,일일PnL!$A:$A,">="&$B14,일일PnL!$A:$A,"<="&$C14)) | F14: =IF(OR($B14="",$C14=""),"",SUMIFS(일일PnL!$G:$G,일일PnL!$A:$A,">="&$B14,일일PnL!$A:$A,"<="&$C14)) | G14: =IF(OR($B14="",$C14=""),"",IFERROR(AVERAGEIFS(매매일지!$P:$P,매매일지!$B:$B,">="&$B14,매매일지!$B:$B,"<="&$C14),"")) | H14: =IF(OR($B14="",$C14=""),"",IFERROR(AVERAGEIFS(매매일지!$Q:$Q,매매일지!$B:$B,">="&$B14,매매일지!$B:$B,"<="&$C14),"")) | I14: =IF(OR($B14="",$C14=""),"",COUNTIFS(매매일지!$B:$B,">="&$B14,매매일지!$B:$B,"<="&$C14,매매일지!$R:$R,"위반"))
D15: =IF(OR($B15="",$C15=""),"",COUNTIFS(매매일지!$B:$B,">="&$B15,매매일지!$B:$B,"<="&$C15)) | E15: =IF(OR($B15="",$C15=""),"",SUMIFS(일일PnL!$F:$F,일일PnL!$A:$A,">="&$B15,일일PnL!$A:$A,"<="&$C15)) | F15: =IF(OR($B15="",$C15=""),"",SUMIFS(일일PnL!$G:$G,일일PnL!$A:$A,">="&$B15,일일PnL!$A:$A,"<="&$C15)) | G15: =IF(OR($B15="",$C15=""),"",IFERROR(AVERAGEIFS(매매일지!$P:$P,매매일지!$B:$B,">="&$B15,매매일지!$B:$B,"<="&$C15),"")) | H15: =IF(OR($B15="",$C15=""),"",IFERROR(AVERAGEIFS(매매일지!$Q:$Q,매매일지!$B:$B,">="&$B15,매매일지!$B:$B,"<="&$C15),"")) | I15: =IF(OR($B15="",$C15=""),"",COUNTIFS(매매일지!$B:$B,">="&$B15,매매일지!$B:$B,"<="&$C15,매매일지!$R:$R,"위반"))
D16: =IF(OR($B16="",$C16=""),"",COUNTIFS(매매일지!$B:$B,">="&$B16,매매일지!$B:$B,"<="&$C16)) | E16: =IF(OR($B16="",$C16=""),"",SUMIFS(일일PnL!$F:$F,일일PnL!$A:$A,">="&$B16,일일PnL!$A:$A,"<="&$C16)) | F16: =IF(OR($B16="",$C16=""),"",SUMIFS(일일PnL!$G:$G,일일PnL!$A:$A,">="&$B16,일일PnL!$A:$A,"<="&$C16)) | G16: =IF(OR($B16="",$C16=""),"",IFERROR(AVERAGEIFS(매매일지!$P:$P,매매일지!$B:$B,">="&$B16,매매일지!$B:$B,"<="&$C16),"")) | H16: =IF(OR($B16="",$C16=""),"",IFERROR(AVERAGEIFS(매매일지!$Q:$Q,매매일지!$B:$B,">="&$B16,매매일지!$B:$B,"<="&$C16),"")) | I16: =IF(OR($B16="",$C16=""),"",COUNTIFS(매매일지!$B:$B,">="&$B16,매매일지!$B:$B,"<="&$C16,매매일지!$R:$R,"위반"))
D17: =IF(OR($B17="",$C17=""),"",COUNTIFS(매매일지!$B:$B,">="&$B17,매매일지!$B:$B,"<="&$C17)) | E17: =IF(OR($B17="",$C17=""),"",SUMIFS(일일PnL!$F:$F,일일PnL!$A:$A,">="&$B17,일일PnL!$A:$A,"<="&$C17)) | F17: =IF(OR($B17="",$C17=""),"",SUMIFS(일일PnL!$G:$G,일일PnL!$A:$A,">="&$B17,일일PnL!$A:$A,"<="&$C17)) | G17: =IF(OR($B17="",$C17=""),"",IFERROR(AVERAGEIFS(매매일지!$P:$P,매매일지!$B:$B,">="&$B17,매매일지!$B:$B,"<="&$C17),"")) | H17: =IF(OR($B17="",$C17=""),"",IFERROR(AVERAGEIFS(매매일지!$Q:$Q,매매일지!$B:$B,">="&$B17,매매일지!$B:$B,"<="&$C17),"")) | I17: =IF(OR($B17="",$C17=""),"",COUNTIFS(매매일지!$B:$B,">="&$B17,매매일지!$B:$B,"<="&$C17,매매일지!$R:$R,"위반"))
... D56: =IF(OR($B56="",$C56=""),"",COUNTIFS(매매일지!$B:$B,">="&$B56,매매일지!$B:$B,"<="&$C56)) | E56: =IF(OR($B56="",$C56=""),"",SUMIFS(일일PnL!$F:$F,일일PnL!$A:$A,">="&$B56,일일PnL!$A:$A,"<="&$C56)) | F56: =IF(OR($B56="",$C56=""),"",SUMIFS(일일PnL!$G:$G,일일PnL!$A:$A,">="&$B56,일일PnL!$A:$A,"<="&$C56)) | G56: =IF(OR($B56="",$C56=""),"",IFERROR(AVERAGEIFS(매매일지!$P:$P,매매일지!$B:$B,">="&$B56,매매일지!$B:$B,"<="&$C56),"")) | H56: =IF(OR($B56="",$C56=""),"",IFERROR(AVERAGEIFS(매매일지!$Q:$Q,매매일지!$B:$B,">="&$B56,매매일지!$B:$B,"<="&$C56),"")) | I56: =IF(OR($B56="",$C56=""),"",COUNTIFS(매매일지!$B:$B,">="&$B56,매매일지!$B:$B,"<="&$C56,매매일지!$R:$R,"위반"))
